{
    "model_name": "Random Forest",
    "accuracy": 0.9174311926605505,
    "precision": 0.9354838709677419,
    "recall": 0.8055555555555556,
    "f1_score": 0.8656716417910447,
    "auc_roc": 0.9509132420091324
}